#initial_data.sql file

#SATUAN
DELETE FROM SATUAN;
INSERT INTO SATUAN (SATUAN_ID, NAMA) VALUES(1,  'KILOGRAM');
INSERT INTO SATUAN (SATUAN_ID,  NAMA) VALUES(2, 'GRAM');
INSERT INTO SATUAN (SATUAN_ID,  NAMA) VALUES(3, 'LITER');
INSERT INTO SATUAN (SATUAN_ID,  NAMA) VALUES(4, 'TON');
INSERT INTO PAKOPANG_SEQUENCE VALUES('SATUAN', 5);

#LOKASI
#DELETE FROM LOKASI;
#INSERT INTO LOKASI (LOKASI_ID, PARENT_ID, NAMA) VALUES(1, '0', 'DKI JAKARTA');
#INSERT INTO LOKASI (LOKASI_ID, PARENT_ID, NAMA) VALUES(2, '1', 'PASAR MINGGU');
#INSERT INTO PAKOPANG_SEQUENCE VALUES('LOKASI', 3);

#KOMODITAS
DELETE FROM KOMODITAS;
INSERT INTO KOMODITAS (KOMODITAS_ID, PARENT_ID, NAMA) VALUES(1, '0', 'Beras');
INSERT INTO KOMODITAS (KOMODITAS_ID, PARENT_ID, NAMA) VALUES(2, '1', 'Beras Rojo Lele');
INSERT INTO KOMODITAS (KOMODITAS_ID, PARENT_ID, NAMA) VALUES(3, '1', 'Beras IR');
INSERT INTO KOMODITAS (KOMODITAS_ID, PARENT_ID, NAMA) VALUES(4, '1', 'Beras Merah');
INSERT INTO KOMODITAS (KOMODITAS_ID, PARENT_ID, NAMA) VALUES(5, '1', 'Beras Bengawan');
INSERT INTO KOMODITAS (KOMODITAS_ID, PARENT_ID, NAMA) VALUES(6, '1', 'Beras Jago');
INSERT INTO KOMODITAS (KOMODITAS_ID, PARENT_ID, NAMA) VALUES(7, '1', 'Beras Matahari');
INSERT INTO KOMODITAS (KOMODITAS_ID, PARENT_ID, NAMA) VALUES(8, '1', 'Beras Jago');
INSERT INTO KOMODITAS (KOMODITAS_ID, PARENT_ID, NAMA) VALUES(9, '0', 'Daging Sapi');
INSERT INTO KOMODITAS (KOMODITAS_ID, PARENT_ID, NAMA) VALUES(10, '1', 'Daging Sapi TenderLoin');
INSERT INTO KOMODITAS (KOMODITAS_ID, PARENT_ID, NAMA) VALUES(11, '1', 'Daging Sapi Sirloin');
INSERT INTO KOMODITAS (KOMODITAS_ID, PARENT_ID, NAMA) VALUES(12, '1', 'Daging Sapi Chuck');
INSERT INTO KOMODITAS (KOMODITAS_ID, PARENT_ID, NAMA) VALUES(13, '1', 'Daging Sapi T-Bone');
INSERT INTO KOMODITAS (KOMODITAS_ID, PARENT_ID, NAMA) VALUES(14, '1', 'Daging Sapi Lamosir');
INSERT INTO KOMODITAS (KOMODITAS_ID, PARENT_ID, NAMA) VALUES(15, '1', 'Daging Sapi Brisket');
INSERT INTO KOMODITAS (KOMODITAS_ID, PARENT_ID, NAMA) VALUES(16, '1', 'Daging Sapi Shank');
INSERT INTO KOMODITAS (KOMODITAS_ID, PARENT_ID, NAMA) VALUES(17, '1', 'Daging Sapi Knuckle');
INSERT INTO KOMODITAS (KOMODITAS_ID, PARENT_ID, NAMA) VALUES(18, '0', 'Gula');
INSERT INTO KOMODITAS (KOMODITAS_ID, PARENT_ID, NAMA) VALUES(19, '1', 'Gula Pasir');
INSERT INTO KOMODITAS (KOMODITAS_ID, PARENT_ID, NAMA) VALUES(20, '1', 'Gula Merah');
INSERT INTO PAKOPANG_SEQUENCE VALUES('KOMODITAS', 21);

#LOKASI
DELETE FROM LOKASI;
INSERT INTO LOKASI (LOKASI_ID, PARENT_ID, NAMA) VALUES(1, '0', 'DKI Jakarta');
INSERT INTO LOKASI (LOKASI_ID, PARENT_ID, NAMA) VALUES(2, '1', 'Jakarta Selatan');
INSERT INTO LOKASI (LOKASI_ID, PARENT_ID, NAMA) VALUES(3, '2', 'Pasar Minggu');
INSERT INTO LOKASI (LOKASI_ID, PARENT_ID, NAMA) VALUES(4, '2', 'Pasar Burung Kramat Pela');
INSERT INTO LOKASI (LOKASI_ID, PARENT_ID, NAMA) VALUES(5, '2', 'Pasar Grosir Cipulir');
INSERT INTO LOKASI (LOKASI_ID, PARENT_ID, NAMA) VALUES(6, '2', 'Pasar Jumat Lebak Bulus');
INSERT INTO LOKASI (LOKASI_ID, PARENT_ID, NAMA) VALUES(7, '2', 'Pasar Jumat Pondok Pinang');
INSERT INTO LOKASI (LOKASI_ID, PARENT_ID, NAMA) VALUES(8, '2', 'Pasar Jumat 1');
INSERT INTO LOKASI (LOKASI_ID, PARENT_ID, NAMA) VALUES(9, '2', 'Pasar Kebayoran Lama');
INSERT INTO LOKASI (LOKASI_ID, PARENT_ID, NAMA) VALUES(10, '2', 'Pasar Mampang prapatan');
INSERT INTO LOKASI (LOKASI_ID, PARENT_ID, NAMA) VALUES(11, '2', 'Pasar Manggis');
INSERT INTO LOKASI (LOKASI_ID, PARENT_ID, NAMA) VALUES(12, '2', 'Pasar Mayestik');
INSERT INTO LOKASI (LOKASI_ID, PARENT_ID, NAMA) VALUES(13, '2', 'Pasar Made Cilandak');
INSERT INTO LOKASI (LOKASI_ID, PARENT_ID, NAMA) VALUES(14, '2', 'Pasar Mobil Auto Mall senayan');
INSERT INTO LOKASI (LOKASI_ID, PARENT_ID, NAMA) VALUES(15, '1', 'Jakarta Timur');
INSERT INTO LOKASI (LOKASI_ID, PARENT_ID, NAMA) VALUES(16, '15', 'Pasar Cakung');
INSERT INTO LOKASI (LOKASI_ID, PARENT_ID, NAMA) VALUES(17, '15', 'Pasar Cibubur');
INSERT INTO LOKASI (LOKASI_ID, PARENT_ID, NAMA) VALUES(18, '15', 'Pasar Cijantung');
INSERT INTO LOKASI (LOKASI_ID, PARENT_ID, NAMA) VALUES(19, '15', 'Pasar Ciplak Cipinang BesarJakarta Timur');
INSERT INTO LOKASI (LOKASI_ID, PARENT_ID, NAMA) VALUES(20, '15', 'Pasar Ciracas');
INSERT INTO LOKASI (LOKASI_ID, PARENT_ID, NAMA) VALUES(21, '15', 'Pasar Jatinegara');
INSERT INTO LOKASI (LOKASI_ID, PARENT_ID, NAMA) VALUES(22, '15', 'Pasar Kramat JatiJakarta Timur');
INSERT INTO LOKASI (LOKASI_ID, PARENT_ID, NAMA) VALUES(23, '15', 'Pasar Pramuka ');
INSERT INTO LOKASI (LOKASI_ID, PARENT_ID, NAMA) VALUES(24, '15', 'Pasar Pulo Gadung');
INSERT INTO LOKASI (LOKASI_ID, PARENT_ID, NAMA) VALUES(25, '15', 'Pasar Ujung Menteng');
INSERT INTO LOKASI (LOKASI_ID, PARENT_ID, NAMA) VALUES(26, '1', 'Jakarta Utara');
INSERT INTO LOKASI (LOKASI_ID, PARENT_ID, NAMA) VALUES(27, '26', 'Pasar Muara Angke');
INSERT INTO LOKASI (LOKASI_ID, PARENT_ID, NAMA) VALUES(28, '26', 'Pasar Pagi Grosir Mangga Dua');
INSERT INTO LOKASI (LOKASI_ID, PARENT_ID, NAMA) VALUES(29, '26', 'Pasar Sunter');
INSERT INTO LOKASI (LOKASI_ID, PARENT_ID, NAMA) VALUES(30, '26', 'Pasar Tugu');
INSERT INTO LOKASI (LOKASI_ID, PARENT_ID, NAMA) VALUES(31, '26', 'Pasar Ular');
INSERT INTO LOKASI (LOKASI_ID, PARENT_ID, NAMA) VALUES(32, '26', 'Pasar Warakas');
INSERT INTO LOKASI (LOKASI_ID, PARENT_ID, NAMA) VALUES(33, '1', 'Jakarta Pusat');
INSERT INTO LOKASI (LOKASI_ID, PARENT_ID, NAMA) VALUES(34, '33', 'Pasar Senen');
INSERT INTO LOKASI (LOKASI_ID, PARENT_ID, NAMA) VALUES(35, '33', 'Pasar Tanah Abang');
INSERT INTO LOKASI (LOKASI_ID, PARENT_ID, NAMA) VALUES(36, '33', 'Pasar Palmerah');
INSERT INTO LOKASI (LOKASI_ID, PARENT_ID, NAMA) VALUES(37, '33', 'Pasar Jaya Johar Baru');
INSERT INTO LOKASI (LOKASI_ID, PARENT_ID, NAMA) VALUES(38, '33', 'Pasar Roxi Mas');
INSERT INTO LOKASI (LOKASI_ID, PARENT_ID, NAMA) VALUES(39, '1', 'Jakarta Barat');
INSERT INTO LOKASI (LOKASI_ID, PARENT_ID, NAMA) VALUES(40, '39', 'Pasar Glodok');
INSERT INTO LOKASI (LOKASI_ID, PARENT_ID, NAMA) VALUES(41, '39', 'Pasar Kalideres');
INSERT INTO LOKASI (LOKASI_ID, PARENT_ID, NAMA) VALUES(42, '39', 'Pasar Menceng');
INSERT INTO LOKASI (LOKASI_ID, PARENT_ID, NAMA) VALUES(43, '39', 'Pasar Pagi');
INSERT INTO LOKASI (LOKASI_ID, PARENT_ID, NAMA) VALUES(44, '39', 'Pasar Taman Sari');
INSERT INTO LOKASI (LOKASI_ID, PARENT_ID, NAMA) VALUES(45, '39', 'Pasar Tomang Barat');
INSERT INTO LOKASI (LOKASI_ID, PARENT_ID, NAMA) VALUES(46, '39', 'Pasar Inpres Jelembar');
INSERT INTO LOKASI (LOKASI_ID, PARENT_ID, NAMA) VALUES(47, '39', 'Pasar Darurat Tegal Alur');
INSERT INTO LOKASI (LOKASI_ID, PARENT_ID, NAMA) VALUES(48, '0', 'Jawa Barat');
INSERT INTO LOKASI (LOKASI_ID, PARENT_ID, NAMA) VALUES(49, '48', 'Cianjur');
INSERT INTO LOKASI (LOKASI_ID, PARENT_ID, NAMA) VALUES(50, '0', 'Jawa Tengah');
INSERT INTO LOKASI (LOKASI_ID, PARENT_ID, NAMA) VALUES(51, '50', 'Delanggu');
INSERT INTO LOKASI (LOKASI_ID, PARENT_ID, NAMA) VALUES(52, '50', 'Wonogiri');
INSERT INTO PAKOPANG_SEQUENCE VALUES('LOKASI', 53);

#HARGA_PEMERINTAH
DELETE FROM HARGA_PEMERINTAH;
INSERT INTO HARGA_PEMERINTAH (HARGA_PEMERINTAH_ID, KOMODITAS_ID, TGL_BUAT, HARGA, LOKASI_ID, SATUAN_ID, KUANTITAS) VALUES(1, '1', '2015-08-10', '9000','1', '1', '1');
INSERT INTO HARGA_PEMERINTAH (HARGA_PEMERINTAH_ID, KOMODITAS_ID, TGL_BUAT, HARGA, LOKASI_ID, SATUAN_ID, KUANTITAS) VALUES(2, '2', '2015-08-10', '8000','2', '1', '1');
INSERT INTO HARGA_PEMERINTAH (HARGA_PEMERINTAH_ID, KOMODITAS_ID, TGL_BUAT, HARGA, LOKASI_ID, SATUAN_ID, KUANTITAS) VALUES(3, '2', '2015-08-10', '7000','2', '1', '1');
INSERT INTO HARGA_PEMERINTAH (HARGA_PEMERINTAH_ID, KOMODITAS_ID, TGL_BUAT, HARGA, LOKASI_ID, SATUAN_ID, KUANTITAS) VALUES(4, '2', '2015-08-10', '7500','2', '1', '1');
INSERT INTO HARGA_PEMERINTAH (HARGA_PEMERINTAH_ID, KOMODITAS_ID, TGL_BUAT, HARGA, LOKASI_ID, SATUAN_ID, KUANTITAS) VALUES(5, '2', '2015-08-10', '6500','2', '1', '1');
INSERT INTO PAKOPANG_SEQUENCE VALUES('HARGA_PEMERINTAH', 6);

#HARGA_MASYARAKAT
DELETE FROM HARGA_MASYARAKAT;
INSERT INTO HARGA_MASYARAKAT (HARGA_MASYARAKAT_ID, JENIS_PUSAT_KOMODITAS, KOMODITAS_ID, PERSATUAN, TGL_BUAT, STOK, SATUAN_ID, LOKASI_ID) VALUES(1, 'Pusat Produksi', '1', '1/KG', '2015-08-10','5', '1', '1');
INSERT INTO HARGA_MASYARAKAT (HARGA_MASYARAKAT_ID, JENIS_PUSAT_KOMODITAS, KOMODITAS_ID, PERSATUAN, TGL_BUAT, STOK, SATUAN_ID, LOKASI_ID) VALUES(2, 'Pusat Pasar', '1', '1/KG', '2015-08-10','5', '1', '1');
INSERT INTO HARGA_MASYARAKAT (HARGA_MASYARAKAT_ID, JENIS_PUSAT_KOMODITAS, KOMODITAS_ID, PERSATUAN, TGL_BUAT, STOK, SATUAN_ID, LOKASI_ID) VALUES(3, 'Pusat Produksi', '1', '1/KG', '2015-08-10','5', '1', '1');
INSERT INTO PAKOPANG_SEQUENCE VALUES('HARGA_MASYARAKAT', 4);